{"cameraMode":{"drawMode":0,"name":"Shaded","section":"Shading Mode"},"sceneLighting":true,"audioPlay":false,"sceneViewState":{"m_AlwaysRefresh":false,"showFog":true,"showSkybox":true,"showFlares":true,"showImageEffects":true,"showParticleSystems":true,"showVisualEffectGraphs":true,"m_FxEnabled":false},"in2DMode":false,"pivot":{"x":3.2856884002685549,"y":6.161285877227783,"z":18.42975425720215},"rotation":{"x":0.016436679288744928,"y":-0.4071330428123474,"z":0.007335095200687647,"w":0.9131680130958557},"size":12.91733455657959,"orthographic":false}